{
    "transform": [
        [
            1.0,
            0.0,
            0.0,
            0.2282285988330841
        ],
        [
            0.0,
            1.0,
            0.0,
            0.503483235836029
        ],
        [
            0.0,
            0.0,
            1.0,
            -0.05465497449040413
        ]
    ],
    "scale": 0.4542773327816838
}