{
    "transform": [
        [
            1.0,
            0.0,
            0.0,
            -1.2278556837941323e-08
        ],
        [
            0.0,
            0.0,
            -1.0,
            5.7220459481754915e-09
        ],
        [
            0.0,
            1.0,
            0.0,
            0.0
        ]
    ],
    "scale": 1.1111111405455043
}