{
    "transform": [
        [
            -0.04954984411597252,
            0.044381141662597656,
            -0.9977850914001465,
            0.09909893572330475
        ],
        [
            0.9974308013916016,
            -0.04954984411597252,
            -0.05173620581626892,
            -0.023358605802059174
        ],
        [
            -0.05173620581626892,
            -0.9977850914001465,
            -0.04181194305419922,
            -0.004840523470193148
        ]
    ],
    "scale": 0.1880004184655921
}