{
    "transform": [
        [
            0.0,
            0.0,
            1.0,
            -0.0011108474573120475
        ],
        [
            0.0,
            1.0,
            0.0,
            -0.0029277848079800606
        ],
        [
            -1.0,
            0.0,
            0.0,
            0.0
        ]
    ],
    "scale": 0.2498220876274721
}