{
    "transform": [
        [
            -0.07906545698642731,
            0.16906291246414185,
            -0.982428789138794,
            0.021940233185887337
        ],
        [
            0.992476761341095,
            -0.07906545698642731,
            -0.09348022192716599,
            0.1412874460220337
        ],
        [
            -0.09348022192716599,
            -0.982428789138794,
            -0.16153967380523682,
            -0.024502599611878395
        ]
    ],
    "scale": 0.17758732628167137
}